id,kind,status,evidence,checkedAt
"EV-001","content","verified","/ru/all-tours/dalat-enduro-tour-one-day: obsolete 115 price absent; shared commerce object used. Starting price retained; price unit remains unconfirmed.","2026-10-04T06:47:53.811Z"
"EV-002","content","verified","/ru/all-tours/dalat-enduro-tour-advanced: obsolete 115 price absent; shared commerce object used. Starting price retained; price unit remains unconfirmed.","2026-10-04T06:47:55.211Z"
"EV-003","content","verified","/ru/all-tours/dalat-enduro-tour-two-day: obsolete 115 price absent; shared commerce object used. Starting price retained; price unit remains unconfirmed.","2026-10-04T06:47:55.355Z"
"EV-004","content","verified","/ru/all-tours/three-day-tour-dalat-nhatrang: obsolete 115 price absent; shared commerce object used. Starting price retained; price unit remains unconfirmed.","2026-10-04T06:47:55.482Z"
"EV-005","content","verified","/ru/all-tours/three-day-tour-dalat-muine: obsolete 115 price absent; shared commerce object used. Starting price retained; price unit remains unconfirmed.","2026-10-04T06:47:55.687Z"
"EV-006","content","verified","/ru/all-tours/dalat-easy-rider-enduro-beginners: obsolete 115 price absent; shared commerce object used. Starting price retained; price unit remains unconfirmed.","2026-10-04T06:47:55.799Z"
"EV-007","content","verified","/ru/all-tours/nhatrang-enduro-tour-one-day: obsolete 115 price absent; shared commerce object used. Starting price retained; price unit remains unconfirmed.","2026-10-04T06:47:55.910Z"
"EV-008","content","verified","/ru/all-tours/nhatrang-enduro-tour-advanced: obsolete 115 price absent; shared commerce object used. Starting price retained; price unit remains unconfirmed.","2026-10-04T06:47:56.035Z"
"EV-009","content","verified","/ru/all-tours/motorbike-tour-south-vietnam-4-days: obsolete 115 price absent; shared commerce object used. Starting price retained; price unit remains unconfirmed.","2026-10-04T06:47:56.155Z"
"EV-010","content","verified","/ru/all-tours/5-day-motorbike-tour-from-saigon-ho-chi-minh-city: obsolete 115 price absent; shared commerce object used. Starting price retained; price unit remains unconfirmed.","2026-10-04T06:47:56.276Z"
"EV-011","content","verified","/ru/all-tours/mekong-delta-and-coastline-vietnam-motorbike-tour-6-days: obsolete 115 price absent; shared commerce object used. Starting price retained; price unit remains unconfirmed.","2026-10-04T06:47:56.395Z"
"EV-012","content","verified","/ru/all-tours/motorcycle-tour-on-coastline-and-highlands-vietnam-7-days: obsolete 115 price absent; shared commerce object used. Starting price retained; price unit remains unconfirmed.","2026-10-04T06:47:56.513Z"
"EV-013","content","verified","/ru/all-tours/saigon-motorbike-tour-10-days: obsolete 115 price absent; shared commerce object used. Starting price retained; price unit remains unconfirmed.","2026-10-04T06:47:56.622Z"
"EV-014","content","verified","/ru/all-tours/south-vietnam-motorbike-tour-7-days: obsolete 115 price absent; shared commerce object used. Starting price retained; price unit remains unconfirmed.","2026-10-04T06:47:56.738Z"
"EV-015","content","verified","/ru/all-tours/danang-enduro-tour-one-day: obsolete 115 price absent; shared commerce object used. Starting price retained; price unit remains unconfirmed.","2026-10-04T06:47:56.852Z"
"EV-016","content","verified","/ru/all-tours/danang-enduro-tour-advanced: obsolete 115 price absent; shared commerce object used. Starting price retained; price unit remains unconfirmed.","2026-10-04T06:47:56.966Z"
"EV-017","content","verified","/ru/all-tours/vietnam-motorcycle-tours-12-days: obsolete 115 price absent; shared commerce object used. 1900 starting amount now confirmed by both locales of the owner workbook; price unit still unconfirmed.","2026-10-04T06:47:57.075Z"
"EV-018","content","replaced-template","Route(s) checked in .shipstudio/public-route-checks.json; one H1, shared published data, no old messenger/video/adaptive duplicates in new template. Original claim remains archived; factual programme/terms not implicitly approved.","2026-10-04T06:47:57.130Z"
"EV-019","content","replaced-template","Route(s) checked in .shipstudio/public-route-checks.json; one H1, shared published data, no old messenger/video/adaptive duplicates in new template. Original claim remains archived; factual programme/terms not implicitly approved.","2026-10-04T06:47:57.130Z"
"EV-020","content","replaced-template","Route(s) checked in .shipstudio/public-route-checks.json; one H1, shared published data, no old messenger/video/adaptive duplicates in new template. Original claim remains archived; factual programme/terms not implicitly approved.","2026-10-04T06:47:57.130Z"
"EV-021","content","replaced-template","Route(s) checked in .shipstudio/public-route-checks.json; one H1, shared published data, no old messenger/video/adaptive duplicates in new template. Original claim remains archived; factual programme/terms not implicitly approved.","2026-10-04T06:47:57.130Z"
"EV-022","content","replaced-template","Route(s) checked in .shipstudio/public-route-checks.json; one H1, shared published data, no old messenger/video/adaptive duplicates in new template. Original claim remains archived; factual programme/terms not implicitly approved.","2026-10-04T06:47:57.130Z"
"EV-023","content","replaced-template","Route(s) checked in .shipstudio/public-route-checks.json; one H1, shared published data, no old messenger/video/adaptive duplicates in new template. Original claim remains archived; factual programme/terms not implicitly approved.","2026-10-04T06:47:57.130Z"
"EV-024","content","replaced-template","Route(s) checked in .shipstudio/public-route-checks.json; one H1, shared published data, no old messenger/video/adaptive duplicates in new template. Original claim remains archived; factual programme/terms not implicitly approved.","2026-10-04T06:47:57.130Z"
"EV-025","content","replaced-template","Route(s) checked in .shipstudio/public-route-checks.json; one H1, shared published data, no old messenger/video/adaptive duplicates in new template. Original claim remains archived; factual programme/terms not implicitly approved.","2026-10-04T06:47:57.130Z"
"EV-026","content","replaced-template","Route(s) checked in .shipstudio/public-route-checks.json; one H1, shared published data, no old messenger/video/adaptive duplicates in new template. Original claim remains archived; factual programme/terms not implicitly approved.","2026-10-04T06:47:57.130Z"
"EV-027","content","needs-data","Конфликтные программы/условия не публикуются как подтверждённые; нужны реальные различия маршрутов и условия оператора. Архив не удалён.","2026-10-04T06:47:57.130Z"
"EV-028","content","replaced-template","Route(s) checked in .shipstudio/public-route-checks.json; one H1, shared published data, no old messenger/video/adaptive duplicates in new template. Original claim remains archived; factual programme/terms not implicitly approved.","2026-10-04T06:47:57.130Z"
"EV-029","content","replaced-template","Route(s) checked in .shipstudio/public-route-checks.json; one H1, shared published data, no old messenger/video/adaptive duplicates in new template. Original claim remains archived; factual programme/terms not implicitly approved.","2026-10-04T06:47:57.130Z"
"EV-030","content","needs-data","Конфликтные программы/условия не публикуются как подтверждённые; нужны реальные различия маршрутов и условия оператора. Архив не удалён.","2026-10-04T06:47:57.130Z"
"EV-031","content","replaced-template","Route(s) checked in .shipstudio/public-route-checks.json; one H1, shared published data, no old messenger/video/adaptive duplicates in new template. Original claim remains archived; factual programme/terms not implicitly approved.","2026-10-04T06:47:57.130Z"
"EV-032","content","replaced-template","Route(s) checked in .shipstudio/public-route-checks.json; one H1, shared published data, no old messenger/video/adaptive duplicates in new template. Original claim remains archived; factual programme/terms not implicitly approved.","2026-10-04T06:47:57.130Z"
"EV-033","content","replaced-template","Route(s) checked in .shipstudio/public-route-checks.json; one H1, shared published data, no old messenger/video/adaptive duplicates in new template. Original claim remains archived; factual programme/terms not implicitly approved.","2026-10-04T06:47:57.130Z"
"EV-034","content","replaced-template","Route(s) checked in .shipstudio/public-route-checks.json; one H1, shared published data, no old messenger/video/adaptive duplicates in new template. Original claim remains archived; factual programme/terms not implicitly approved.","2026-10-04T06:47:57.130Z"
"EV-035","content","replaced-template","Route(s) checked in .shipstudio/public-route-checks.json; one H1, shared published data, no old messenger/video/adaptive duplicates in new template. Original claim remains archived; factual programme/terms not implicitly approved.","2026-10-04T06:47:57.130Z"
"EV-036","content","replaced-template","Route(s) checked in .shipstudio/public-route-checks.json; one H1, shared published data, no old messenger/video/adaptive duplicates in new template. Original claim remains archived; factual programme/terms not implicitly approved.","2026-10-04T06:47:57.130Z"
"EV-037","content","replaced-template","Route(s) checked in .shipstudio/public-route-checks.json; one H1, shared published data, no old messenger/video/adaptive duplicates in new template. Original claim remains archived; factual programme/terms not implicitly approved.","2026-10-04T06:47:57.130Z"
"EV-038","content","replaced-template","Route(s) checked in .shipstudio/public-route-checks.json; one H1, shared published data, no old messenger/video/adaptive duplicates in new template. Original claim remains archived; factual programme/terms not implicitly approved.","2026-10-04T06:47:57.130Z"
"EV-039","content","needs-data","Конфликтные программы/условия не публикуются как подтверждённые; нужны реальные различия маршрутов и условия оператора. Архив не удалён.","2026-10-04T06:47:57.130Z"
"EV-040","content","needs-data","Конфликтные программы/условия не публикуются как подтверждённые; нужны реальные различия маршрутов и условия оператора. Архив не удалён.","2026-10-04T06:47:57.130Z"
"EV-041","content","needs-data","Конфликтные программы/условия не публикуются как подтверждённые; нужны реальные различия маршрутов и условия оператора. Архив не удалён.","2026-10-04T06:47:57.130Z"
"EV-042","content","needs-data","Конфликтные программы/условия не публикуются как подтверждённые; нужны реальные различия маршрутов и условия оператора. Архив не удалён.","2026-10-04T06:47:57.130Z"
"EV-043","content","needs-data","Конфликтные программы/условия не публикуются как подтверждённые; нужны реальные различия маршрутов и условия оператора. Архив не удалён.","2026-10-04T06:47:57.130Z"
"EV-044","content","needs-data","Конфликтные программы/условия не публикуются как подтверждённые; нужны реальные различия маршрутов и условия оператора. Архив не удалён.","2026-10-04T06:47:57.130Z"
"EV-045","content","needs-data","Конфликтные программы/условия не публикуются как подтверждённые; нужны реальные различия маршрутов и условия оператора. Архив не удалён.","2026-10-04T06:47:57.130Z"
"EV-046","content","needs-data","Конфликтные программы/условия не публикуются как подтверждённые; нужны реальные различия маршрутов и условия оператора. Архив не удалён.","2026-10-04T06:47:57.130Z"
"EV-047","content","needs-data","Конфликтные программы/условия не публикуются как подтверждённые; нужны реальные различия маршрутов и условия оператора. Архив не удалён.","2026-10-04T06:47:57.130Z"
"EV-048","content","needs-data","Конфликтные программы/условия не публикуются как подтверждённые; нужны реальные различия маршрутов и условия оператора. Архив не удалён.","2026-10-04T06:47:57.130Z"
"EV-049","content","needs-data","Конфликтные программы/условия не публикуются как подтверждённые; нужны реальные различия маршрутов и условия оператора. Архив не удалён.","2026-10-04T06:47:57.130Z"
"EV-050","content","needs-data","Конфликтные программы/условия не публикуются как подтверждённые; нужны реальные различия маршрутов и условия оператора. Архив не удалён.","2026-10-04T06:47:57.130Z"
"EV-051","content","needs-data","Конфликтные программы/условия не публикуются как подтверждённые; нужны реальные различия маршрутов и условия оператора. Архив не удалён.","2026-10-04T06:47:57.130Z"
"EV-052","content","needs-data","Конфликтные программы/условия не публикуются как подтверждённые; нужны реальные различия маршрутов и условия оператора. Архив не удалён.","2026-10-04T06:47:57.131Z"
"EV-053","content","replaced-template","Route(s) checked in .shipstudio/public-route-checks.json; one H1, shared published data, no old messenger/video/adaptive duplicates in new template. Original claim remains archived; factual programme/terms not implicitly approved.","2026-10-04T06:47:57.131Z"
"EV-054","content","replaced-template","Route(s) checked in .shipstudio/public-route-checks.json; one H1, shared published data, no old messenger/video/adaptive duplicates in new template. Original claim remains archived; factual programme/terms not implicitly approved.","2026-10-04T06:47:57.131Z"
"EV-055","content","replaced-template","Route(s) checked in .shipstudio/public-route-checks.json; one H1, shared published data, no old messenger/video/adaptive duplicates in new template. Original claim remains archived; factual programme/terms not implicitly approved.","2026-10-04T06:47:57.131Z"
"EV-056","content","replaced-template","Route(s) checked in .shipstudio/public-route-checks.json; one H1, shared published data, no old messenger/video/adaptive duplicates in new template. Original claim remains archived; factual programme/terms not implicitly approved.","2026-10-04T06:47:57.131Z"
"EV-057","content","replaced-template","Route(s) checked in .shipstudio/public-route-checks.json; one H1, shared published data, no old messenger/video/adaptive duplicates in new template. Original claim remains archived; factual programme/terms not implicitly approved.","2026-10-04T06:47:57.131Z"
"EV-058","content","needs-data","Конфликтные программы/условия не публикуются как подтверждённые; нужны реальные различия маршрутов и условия оператора. Архив не удалён.","2026-10-04T06:47:57.131Z"
"EV-059","content","needs-data","Конфликтные программы/условия не публикуются как подтверждённые; нужны реальные различия маршрутов и условия оператора. Архив не удалён.","2026-10-04T06:47:57.131Z"
"EV-060","content","replaced-template","Route(s) checked in .shipstudio/public-route-checks.json; one H1, shared published data, no old messenger/video/adaptive duplicates in new template. Original claim remains archived; factual programme/terms not implicitly approved.","2026-10-04T06:47:57.131Z"
"EV-061","content","needs-data","Неподтверждённые варианты, правовые условия, ассортимент или политика не выдуманы. См. conflicts в PostgreSQL и .shipstudio/source-reconciliation.json.","2026-10-04T06:47:57.131Z"
"EV-062","content","needs-data","Неподтверждённые варианты, правовые условия, ассортимент или политика не выдуманы. См. conflicts в PostgreSQL и .shipstudio/source-reconciliation.json.","2026-10-04T06:47:57.131Z"
"EV-063","content","needs-data","Неподтверждённые варианты, правовые условия, ассортимент или политика не выдуманы. См. conflicts в PostgreSQL и .shipstudio/source-reconciliation.json.","2026-10-04T06:47:57.131Z"
"EV-064","content","needs-data","Неподтверждённые варианты, правовые условия, ассортимент или политика не выдуманы. См. conflicts в PostgreSQL и .shipstudio/source-reconciliation.json.","2026-10-04T06:47:57.131Z"
"EV-065","content","replaced-template","Route(s) checked in .shipstudio/public-route-checks.json; one H1, shared published data, no old messenger/video/adaptive duplicates in new template. Original claim remains archived; factual programme/terms not implicitly approved.","2026-10-04T06:47:57.131Z"
"EV-066","content","replaced-template","Route(s) checked in .shipstudio/public-route-checks.json; one H1, shared published data, no old messenger/video/adaptive duplicates in new template. Original claim remains archived; factual programme/terms not implicitly approved.","2026-10-04T06:47:57.131Z"
"EV-067","content","replaced-template","Route(s) checked in .shipstudio/public-route-checks.json; one H1, shared published data, no old messenger/video/adaptive duplicates in new template. Original claim remains archived; factual programme/terms not implicitly approved.","2026-10-04T06:47:57.131Z"
"EV-068","content","replaced-template","Route(s) checked in .shipstudio/public-route-checks.json; one H1, shared published data, no old messenger/video/adaptive duplicates in new template. Original claim remains archived; factual programme/terms not implicitly approved.","2026-10-04T06:47:57.131Z"
"EV-069","content","replaced-template","Route(s) checked in .shipstudio/public-route-checks.json; one H1, shared published data, no old messenger/video/adaptive duplicates in new template. Original claim remains archived; factual programme/terms not implicitly approved.","2026-10-04T06:47:57.131Z"
"EV-070","content","replaced-template","Route(s) checked in .shipstudio/public-route-checks.json; one H1, shared published data, no old messenger/video/adaptive duplicates in new template. Original claim remains archived; factual programme/terms not implicitly approved.","2026-10-04T06:47:57.131Z"
"EV-071","content","replaced-template","Route(s) checked in .shipstudio/public-route-checks.json; one H1, shared published data, no old messenger/video/adaptive duplicates in new template. Original claim remains archived; factual programme/terms not implicitly approved.","2026-10-04T06:47:57.131Z"
"EV-072","content","needs-data","Неподтверждённые варианты, правовые условия, ассортимент или политика не выдуманы. См. conflicts в PostgreSQL и .shipstudio/source-reconciliation.json.","2026-10-04T06:47:57.131Z"
"EV-073","content","replaced-template","Route(s) checked in .shipstudio/public-route-checks.json; one H1, shared published data, no old messenger/video/adaptive duplicates in new template. Original claim remains archived; factual programme/terms not implicitly approved.","2026-10-04T06:47:57.131Z"
"EV-074","content","needs-data","Неподтверждённые варианты, правовые условия, ассортимент или политика не выдуманы. См. conflicts в PostgreSQL и .shipstudio/source-reconciliation.json.","2026-10-04T06:47:57.131Z"
"EV-075","content","needs-data","Неподтверждённые варианты, правовые условия, ассортимент или политика не выдуманы. См. conflicts в PostgreSQL и .shipstudio/source-reconciliation.json.","2026-10-04T06:47:57.131Z"
"EV-076","content","needs-data","Неподтверждённые варианты, правовые условия, ассортимент или политика не выдуманы. См. conflicts в PostgreSQL и .shipstudio/source-reconciliation.json.","2026-10-04T06:47:57.131Z"
"EV-077","content","replaced-template","Route(s) checked in .shipstudio/public-route-checks.json; one H1, shared published data, no old messenger/video/adaptive duplicates in new template. Original claim remains archived; factual programme/terms not implicitly approved.","2026-10-04T06:47:57.131Z"
"EV-078","content","needs-data","Неподтверждённые варианты, правовые условия, ассортимент или политика не выдуманы. См. conflicts в PostgreSQL и .shipstudio/source-reconciliation.json.","2026-10-04T06:47:57.131Z"
"EV-079","content","needs-data","Неподтверждённые варианты, правовые условия, ассортимент или политика не выдуманы. См. conflicts в PostgreSQL и .shipstudio/source-reconciliation.json.","2026-10-04T06:47:57.131Z"
"EV-080","content","replaced-template","Route(s) checked in .shipstudio/public-route-checks.json; one H1, shared published data, no old messenger/video/adaptive duplicates in new template. Original claim remains archived; factual programme/terms not implicitly approved.","2026-10-04T06:47:57.131Z"
"EV-081","content","needs-data","Неподтверждённые варианты, правовые условия, ассортимент или политика не выдуманы. См. conflicts в PostgreSQL и .shipstudio/source-reconciliation.json.","2026-10-04T06:47:57.131Z"
"EV-082","content","replaced-template","Route(s) checked in .shipstudio/public-route-checks.json; one H1, shared published data, no old messenger/video/adaptive duplicates in new template. Original claim remains archived; factual programme/terms not implicitly approved.","2026-10-04T06:47:57.131Z"
"EV-083","content","replaced-template","Route(s) checked in .shipstudio/public-route-checks.json; one H1, shared published data, no old messenger/video/adaptive duplicates in new template. Original claim remains archived; factual programme/terms not implicitly approved.","2026-10-04T06:47:57.131Z"
"EV-084","content","needs-data","Неподтверждённые варианты, правовые условия, ассортимент или политика не выдуманы. См. conflicts в PostgreSQL и .shipstudio/source-reconciliation.json.","2026-10-04T06:47:57.131Z"
"EV-085","content","replaced-template","Route(s) checked in .shipstudio/public-route-checks.json; one H1, shared published data, no old messenger/video/adaptive duplicates in new template. Original claim remains archived; factual programme/terms not implicitly approved.","2026-10-04T06:47:57.131Z"
"EV-086","content","needs-data","Неподтверждённые варианты, правовые условия, ассортимент или политика не выдуманы. См. conflicts в PostgreSQL и .shipstudio/source-reconciliation.json.","2026-10-04T06:47:57.131Z"
"EV-087","content","needs-data","Неподтверждённые варианты, правовые условия, ассортимент или политика не выдуманы. См. conflicts в PostgreSQL и .shipstudio/source-reconciliation.json.","2026-10-04T06:47:57.131Z"
"EV-088","content","replaced-template","Route(s) checked in .shipstudio/public-route-checks.json; one H1, shared published data, no old messenger/video/adaptive duplicates in new template. Original claim remains archived; factual programme/terms not implicitly approved.","2026-10-04T06:47:57.131Z"
"EV-089","content","needs-data","Новые шаблоны не содержат iframe; полевые CrUX/GSC и production CWV не измерены. Адаптив проверен отдельно.","2026-10-04T06:47:57.131Z"
"EV-090","content","needs-data","Новый интерфейс написан заново; полная редакторская вычитка всех исходных EN текстов не подтверждена.","2026-10-04T06:47:57.131Z"
"EV-091","content","needs-data","Неподтверждённые варианты, правовые условия, ассортимент или политика не выдуманы. См. conflicts в PostgreSQL и .shipstudio/source-reconciliation.json.","2026-10-04T06:47:57.131Z"
"T01","technical","needs-data","Фактические условия/исходный доступ не подтверждены; исходное замечание сохранено.","2026-10-04T06:47:57.131Z"
"T02","technical","needs-data","Фактические условия/исходный доступ не подтверждены; исходное замечание сохранено.","2026-10-04T06:47:57.131Z"
"T03","technical","needs-data","Фактические условия/исходный доступ не подтверждены; исходное замечание сохранено.","2026-10-04T06:47:57.131Z"
"T04","technical","verified","Local rebuilt routes, canonical/language metadata, links and sitemap checked; original production observations not reused. .shipstudio/public-route-checks.json","2026-10-04T06:47:57.131Z"
"T05","technical","verified","Local/staging noindex; /admin always noindex, private no-store. Production indexing requires deployment acceptance.","2026-10-04T06:47:57.131Z"
"T06","technical","verified","Local rebuilt routes, canonical/language metadata, links and sitemap checked; original production observations not reused. .shipstudio/public-route-checks.json","2026-10-04T06:47:57.131Z"
"T07","technical","verified","Local rebuilt routes, canonical/language metadata, links and sitemap checked; original production observations not reused. .shipstudio/public-route-checks.json","2026-10-04T06:47:57.131Z"
"T08","technical","verified","Local rebuilt routes, canonical/language metadata, links and sitemap checked; original production observations not reused. .shipstudio/public-route-checks.json","2026-10-04T06:47:57.131Z"
"T09","technical","verified","Local rebuilt routes, canonical/language metadata, links and sitemap checked; original production observations not reused. .shipstudio/public-route-checks.json","2026-10-04T06:47:57.131Z"
"T10","technical","verified","Local rebuilt routes, canonical/language metadata, links and sitemap checked; original production observations not reused. .shipstudio/public-route-checks.json","2026-10-04T06:47:57.131Z"
"T11","technical","needs-data","27 local HTTP/queue checks and mock retry passed; real email/Telegram recipients absent, real delivery not tested.","2026-10-04T06:47:57.131Z"
"T12","technical","needs-data","External analytics/GSC configuration unavailable; no client personal data exported to analytics.","2026-10-04T06:47:57.131Z"
"T13","technical","needs-data","Production CWV/CrUX not available. Browser responsive acceptance is not a CWV measurement.","2026-10-04T06:47:57.131Z"
"T14","technical","verified","25 browser captures at 360,390,768,1024,1440; zero overflow/image/control/focus errors (.shipstudio/responsive-checks.json).","2026-10-04T06:47:57.131Z"
"T15","technical","needs-data","Фактические условия/исходный доступ не подтверждены; исходное замечание сохранено.","2026-10-04T06:47:57.131Z"
"T16","technical","verified","Human-readable FAQ present; no fabricated FAQ rich-result promises or ratings.","2026-10-04T06:47:57.131Z"
"T17","technical","needs-data","Фактические условия/исходный доступ не подтверждены; исходное замечание сохранено.","2026-10-04T06:47:57.131Z"
"T18","technical","needs-data","70 archived source routes reconciled; 186 current routes checked. Private CMS/Sheets/GSC completeness cannot be established without source access.","2026-10-04T06:47:57.131Z"
