old_path,local_file,editable_file,type,language,title,resource_state,proposed_action,target,evidence
/,.shipstudio/source/pages/home.html,content/exported-pages/home.json,home,en,Vietnam Motorcycle Tour from $120: Enduro Off-Road Adventures & Rental,available,preserve,/,audit_workbook_url_sheet|local_inventory
/aboutourclinic,,,unknown,en,,source_404,retain_404_pending_source,,local_inventory
/all-tours,.shipstudio/source/pages/all-tours.html,content/exported-pages/all-tours.json,tour_catalog,en,All Tours in Vietnam | Enduro-Vietnam,available,preserve,/all-tours,audit_workbook_url_sheet|local_inventory
/all-tours/5-day-motorbike-tour-from-saigon-ho-chi-minh-city,.shipstudio/source/pages/all-tours__5-day-motorbike-tour-from-saigon-ho-chi-minh-city.html,content/exported-pages/all-tours__5-day-motorbike-tour-from-saigon-ho-chi-minh-city.json,tour_detail,en,Great Motorbike Tour Saigon – Nha Trang – 5 Days,available,preserve,/all-tours/5-day-motorbike-tour-from-saigon-ho-chi-minh-city,audit_workbook_url_sheet|local_inventory
/all-tours/dalat-easy-rider-enduro-beginners,.shipstudio/source/pages/all-tours__dalat-easy-rider-enduro-beginners.html,content/exported-pages/all-tours__dalat-easy-rider-enduro-beginners.json,tour_detail,en,Easy Rider - Enduro Route for Beginners of Dalat,available,preserve,/all-tours/dalat-easy-rider-enduro-beginners,audit_workbook_url_sheet|local_inventory
/all-tours/dalat-enduro-tour-advanced,.shipstudio/source/pages/all-tours__dalat-enduro-tour-advanced.html,content/exported-pages/all-tours__dalat-enduro-tour-advanced.json,tour_detail,en,Dalat Extended Enduro Tour,available,preserve,/all-tours/dalat-enduro-tour-advanced,audit_workbook_url_sheet|local_inventory
/all-tours/dalat-enduro-tour-one-day,.shipstudio/source/pages/all-tours__dalat-enduro-tour-one-day.html,content/exported-pages/all-tours__dalat-enduro-tour-one-day.json,tour_detail,en,Enduro Tour of Dalat,available,preserve,/all-tours/dalat-enduro-tour-one-day,audit_workbook_url_sheet|local_inventory
/all-tours/dalat-enduro-tour-two-day,.shipstudio/source/pages/all-tours__dalat-enduro-tour-two-day.html,content/exported-pages/all-tours__dalat-enduro-tour-two-day.json,tour_detail,en,Two-day Dalat Enduro tour,available,preserve,/all-tours/dalat-enduro-tour-two-day,audit_workbook_url_sheet|local_inventory
/all-tours/danang-enduro-tour-advanced,.shipstudio/source/pages/all-tours__danang-enduro-tour-advanced.html,content/exported-pages/all-tours__danang-enduro-tour-advanced.json,tour_detail,en,Da Nang Extended Enduro Tour,available,preserve,/all-tours/danang-enduro-tour-advanced,audit_workbook_url_sheet|local_inventory
/all-tours/danang-enduro-tour-one-day,.shipstudio/source/pages/all-tours__danang-enduro-tour-one-day.html,content/exported-pages/all-tours__danang-enduro-tour-one-day.json,tour_detail,en,Enduro Tour of Da Nang,available,preserve,/all-tours/danang-enduro-tour-one-day,audit_workbook_url_sheet|local_inventory
/all-tours/mekong-delta-and-coastline-vietnam-motorbike-tour-6-days,.shipstudio/source/pages/all-tours__mekong-delta-and-coastline-vietnam-motorbike-tour-6-days.html,content/exported-pages/all-tours__mekong-delta-and-coastline-vietnam-motorbike-tour-6-days.json,tour_detail,en,Great Mekong Delta + Coastline Vietnam Motorbike Tour – 6 Day Tour,available,preserve,/all-tours/mekong-delta-and-coastline-vietnam-motorbike-tour-6-days,audit_workbook_url_sheet|local_inventory
/all-tours/motorbike-tour-south-vietnam-4-days,.shipstudio/source/pages/all-tours__motorbike-tour-south-vietnam-4-days.html,content/exported-pages/all-tours__motorbike-tour-south-vietnam-4-days.json,tour_detail,en,Great Motorbike Tour South Vietnam - 4 Days,available,preserve,/all-tours/motorbike-tour-south-vietnam-4-days,audit_workbook_url_sheet|local_inventory
/all-tours/motorcycle-tour-on-coastline-and-highlands-vietnam-7-days,.shipstudio/source/pages/all-tours__motorcycle-tour-on-coastline-and-highlands-vietnam-7-days.html,content/exported-pages/all-tours__motorcycle-tour-on-coastline-and-highlands-vietnam-7-days.json,tour_detail,en,Beautiful Motorcycle Tour Coastlines Vietnam - 7 Days,available,preserve,/all-tours/motorcycle-tour-on-coastline-and-highlands-vietnam-7-days,audit_workbook_url_sheet|local_inventory
/all-tours/nhatrang-enduro-tour-advanced,.shipstudio/source/pages/all-tours__nhatrang-enduro-tour-advanced.html,content/exported-pages/all-tours__nhatrang-enduro-tour-advanced.json,tour_detail,en,Nha Trang Extended Tour,available,preserve,/all-tours/nhatrang-enduro-tour-advanced,audit_workbook_url_sheet|local_inventory
/all-tours/nhatrang-enduro-tour-one-day,.shipstudio/source/pages/all-tours__nhatrang-enduro-tour-one-day.html,content/exported-pages/all-tours__nhatrang-enduro-tour-one-day.json,tour_detail,en,Enduro Tour in Nha Trang,available,preserve,/all-tours/nhatrang-enduro-tour-one-day,audit_workbook_url_sheet|local_inventory
/all-tours/ru/rent-motorbike-dalat,,,rental,en,,source_404,exact_redirect,/ru/rent-motorbike-dalat,local_inventory
/all-tours/ru/rent-scooter-nhatrang,,,rental,en,,source_404,exact_redirect,/ru/rent-scooter-nhatrang,local_inventory
/all-tours/saigon-motorbike-tour-10-days,.shipstudio/source/pages/all-tours__saigon-motorbike-tour-10-days.html,content/exported-pages/all-tours__saigon-motorbike-tour-10-days.json,tour_detail,en,Great Saigon Motorbike Tour to Mekong Delta - 10 Days,available,preserve,/all-tours/saigon-motorbike-tour-10-days,audit_workbook_url_sheet|local_inventory
/all-tours/south-vietnam-motorbike-tour-7-days,.shipstudio/source/pages/all-tours__south-vietnam-motorbike-tour-7-days.html,content/exported-pages/all-tours__south-vietnam-motorbike-tour-7-days.json,tour_detail,en,South Vietnam Motorbike Tour - Amazing 7 Day Tour,available,preserve,/all-tours/south-vietnam-motorbike-tour-7-days,audit_workbook_url_sheet|local_inventory
/all-tours/three-day-tour-dalat-muine,.shipstudio/source/pages/all-tours__three-day-tour-dalat-muine.html,content/exported-pages/all-tours__three-day-tour-dalat-muine.json,tour_detail,en,Three-Day Enduro Tour of Dalat and Mui Ne,available,preserve,/all-tours/three-day-tour-dalat-muine,audit_workbook_url_sheet|local_inventory
/all-tours/three-day-tour-dalat-nhatrang,.shipstudio/source/pages/all-tours__three-day-tour-dalat-nhatrang.html,content/exported-pages/all-tours__three-day-tour-dalat-nhatrang.json,tour_detail,en,Three-Day Enduro Tour of Dalat and Nha Trang,available,preserve,/all-tours/three-day-tour-dalat-nhatrang,audit_workbook_url_sheet|local_inventory
/all-tours/tours,,,tour_detail,en,,source_404,retain_404_pending_source,,local_inventory
/city,,,unknown,en,,source_404,retain_404_pending_source,,local_inventory
/dalat,.shipstudio/source/pages/dalat.html,content/exported-pages/dalat.json,destination,en,Dalat Motorcycle Tours: Renting Motorcycles for Off-Road Adventures | Enduro-Vietnam,available,preserve,/dalat,audit_workbook_url_sheet|local_inventory
/danang,.shipstudio/source/pages/danang.html,content/exported-pages/danang.json,destination,en,Da Nang Motorcycle Tours: Enduro trip through cloud forests and mountain passes | Enduro-Vietnam,available,preserve,/danang,audit_workbook_url_sheet|local_inventory
/muine,.shipstudio/source/pages/muine.html,content/exported-pages/muine.json,destination,en,Mui Ne Motorcycle Tours: Enduro trip through red dunes and desert canyons | Enduro-Vietnam,available,preserve,/muine,audit_workbook_url_sheet|local_inventory
/nhatrang,.shipstudio/source/pages/nhatrang.html,content/exported-pages/nhatrang.json,destination,en,Nha Trang Motorcycle Tours: Enduro trip through jungles and cliffs | Enduro-Vietnam,available,preserve,/nhatrang,audit_workbook_url_sheet|local_inventory
/nhatrang-enduro-tour-advanced,.shipstudio/source/pages/nhatrang-enduro-tour-advanced.html,content/exported-pages/nhatrang-enduro-tour-advanced.json,tour_detail,en,Nha Trang Extended Tour,available,preserve,/nhatrang-enduro-tour-advanced,local_inventory
/nhatrang-enduro-tour-one-day,.shipstudio/source/pages/nhatrang-enduro-tour-one-day.html,content/exported-pages/nhatrang-enduro-tour-one-day.json,tour_detail,en,Enduro Tour in Nha Trang,available,preserve,/nhatrang-enduro-tour-one-day,local_inventory
/privacy,.shipstudio/source/pages/privacy.html,content/exported-pages/privacy.json,legal,en,Политика конфиденциальности — enduro-vietnam.com,available,preserve,/privacy,audit_workbook_url_sheet|local_inventory
/rent,,,unknown,en,,source_404,retain_404_pending_source,,local_inventory
/rent-motorbike-dalat,.shipstudio/source/pages/rent-motorbike-dalat.html,content/exported-pages/rent-motorbike-dalat.json,rental,en,Scooter & Motorcycle Rental Dalat from 150k VND | Delivery | E-bikes,available,preserve,/rent-motorbike-dalat,audit_workbook_url_sheet|local_inventory
/rent-scooter-nhatrang,.shipstudio/source/pages/rent-scooter-nhatrang.html,content/exported-pages/rent-scooter-nhatrang.json,rental,en,Scooter & motorbike Rental in Nha Trang | Best Rates & Hotel Delivery,available,preserve,/rent-scooter-nhatrang,audit_workbook_url_sheet|local_inventory
/ru,.shipstudio/source/pages/ru.html,content/exported-pages/ru.json,home,ru,Мото туры Вьетнам: Аренда мотоциклов для офф-роуд приключений | Enduro-Vietnam,available,preserve,/ru,audit_workbook_url_sheet|local_inventory
/ru/all-tours,.shipstudio/source/pages/ru__all-tours.html,content/exported-pages/ru__all-tours.json,tour_catalog,ru,Все туры по Вьетнаму | Enduro-Vietnam,available,preserve,/ru/all-tours,audit_workbook_url_sheet|local_inventory
/ru/all-tours/5-day-motorbike-tour-from-saigon-ho-chi-minh-city,.shipstudio/source/pages/ru__all-tours__5-day-motorbike-tour-from-saigon-ho-chi-minh-city.html,content/exported-pages/ru__all-tours__5-day-motorbike-tour-from-saigon-ho-chi-minh-city.json,tour_detail,ru,Большой мототур: Сайгон – Нячанг — 5 дней,available,preserve,/ru/all-tours/5-day-motorbike-tour-from-saigon-ho-chi-minh-city,audit_workbook_url_sheet|local_inventory
/ru/all-tours/dalat-easy-rider-enduro-beginners,.shipstudio/source/pages/ru__all-tours__dalat-easy-rider-enduro-beginners.html,content/exported-pages/ru__all-tours__dalat-easy-rider-enduro-beginners.json,tour_detail,ru,Easy Rider — эндуро-маршрут по Далату для новичков,available,preserve,/ru/all-tours/dalat-easy-rider-enduro-beginners,audit_workbook_url_sheet|local_inventory
/ru/all-tours/dalat-enduro-tour-advanced,.shipstudio/source/pages/ru__all-tours__dalat-enduro-tour-advanced.html,content/exported-pages/ru__all-tours__dalat-enduro-tour-advanced.json,tour_detail,ru,Расширенный эндуро-тур по Далату,available,preserve,/ru/all-tours/dalat-enduro-tour-advanced,audit_workbook_url_sheet|local_inventory
/ru/all-tours/dalat-enduro-tour-one-day,.shipstudio/source/pages/ru__all-tours__dalat-enduro-tour-one-day.html,content/exported-pages/ru__all-tours__dalat-enduro-tour-one-day.json,tour_detail,ru,Эндуро-тур по Далату,available,preserve,/ru/all-tours/dalat-enduro-tour-one-day,audit_workbook_url_sheet|local_inventory
/ru/all-tours/dalat-enduro-tour-two-day,.shipstudio/source/pages/ru__all-tours__dalat-enduro-tour-two-day.html,content/exported-pages/ru__all-tours__dalat-enduro-tour-two-day.json,tour_detail,ru,Двухдневный эндуро-тур по Далату,available,preserve,/ru/all-tours/dalat-enduro-tour-two-day,audit_workbook_url_sheet|local_inventory
/ru/all-tours/danang-enduro-tour-advanced,.shipstudio/source/pages/ru__all-tours__danang-enduro-tour-advanced.html,content/exported-pages/ru__all-tours__danang-enduro-tour-advanced.json,tour_detail,ru,Расширенный эндуро-тур по Данангу,available,preserve,/ru/all-tours/danang-enduro-tour-advanced,audit_workbook_url_sheet|local_inventory
/ru/all-tours/danang-enduro-tour-one-day,.shipstudio/source/pages/ru__all-tours__danang-enduro-tour-one-day.html,content/exported-pages/ru__all-tours__danang-enduro-tour-one-day.json,tour_detail,ru,Эндуро-тур по Данангу,available,preserve,/ru/all-tours/danang-enduro-tour-one-day,audit_workbook_url_sheet|local_inventory
/ru/all-tours/mekong-delta-and-coastline-vietnam-motorbike-tour-6-days,.shipstudio/source/pages/ru__all-tours__mekong-delta-and-coastline-vietnam-motorbike-tour-6-days.html,content/exported-pages/ru__all-tours__mekong-delta-and-coastline-vietnam-motorbike-tour-6-days.json,tour_detail,ru,Большой мототур по дельте Меконга и побережью Вьетнама — 6 дней,available,preserve,/ru/all-tours/mekong-delta-and-coastline-vietnam-motorbike-tour-6-days,audit_workbook_url_sheet|local_inventory
/ru/all-tours/motorbike-tour-south-vietnam-4-days,.shipstudio/source/pages/ru__all-tours__motorbike-tour-south-vietnam-4-days.html,content/exported-pages/ru__all-tours__motorbike-tour-south-vietnam-4-days.json,tour_detail,ru,Большой мототур по Южному Вьетнаму — 4 дня,available,preserve,/ru/all-tours/motorbike-tour-south-vietnam-4-days,audit_workbook_url_sheet|local_inventory
/ru/all-tours/motorcycle-tour-on-coastline-and-highlands-vietnam-7-days,.shipstudio/source/pages/ru__all-tours__motorcycle-tour-on-coastline-and-highlands-vietnam-7-days.html,content/exported-pages/ru__all-tours__motorcycle-tour-on-coastline-and-highlands-vietnam-7-days.json,tour_detail,ru,Живописный мототур по побережью Вьетнама — 7 дней,available,preserve,/ru/all-tours/motorcycle-tour-on-coastline-and-highlands-vietnam-7-days,audit_workbook_url_sheet|local_inventory
/ru/all-tours/nhatrang-enduro-tour-advanced,.shipstudio/source/pages/ru__all-tours__nhatrang-enduro-tour-advanced.html,content/exported-pages/ru__all-tours__nhatrang-enduro-tour-advanced.json,tour_detail,ru,Расширенный тур по Нячангу,available,preserve,/ru/all-tours/nhatrang-enduro-tour-advanced,audit_workbook_url_sheet|local_inventory
/ru/all-tours/nhatrang-enduro-tour-one-day,.shipstudio/source/pages/ru__all-tours__nhatrang-enduro-tour-one-day.html,content/exported-pages/ru__all-tours__nhatrang-enduro-tour-one-day.json,tour_detail,ru,Эндуро-тур в Нячанге,available,preserve,/ru/all-tours/nhatrang-enduro-tour-one-day,audit_workbook_url_sheet|local_inventory
/ru/all-tours/ru/rent-scooter-nhatrang,,,rental,ru,,source_404,exact_redirect,/ru/rent-scooter-nhatrang,local_inventory
/ru/all-tours/saigon-motorbike-tour-10-days,.shipstudio/source/pages/ru__all-tours__saigon-motorbike-tour-10-days.html,content/exported-pages/ru__all-tours__saigon-motorbike-tour-10-days.json,tour_detail,ru,Большой мототур из Сайгона в дельту Меконга — 10 дней,available,preserve,/ru/all-tours/saigon-motorbike-tour-10-days,audit_workbook_url_sheet|local_inventory
/ru/all-tours/south-vietnam-motorbike-tour-7-days,.shipstudio/source/pages/ru__all-tours__south-vietnam-motorbike-tour-7-days.html,content/exported-pages/ru__all-tours__south-vietnam-motorbike-tour-7-days.json,tour_detail,ru,Мототур по Южному Вьетнаму — незабываемые 7 дней,available,preserve,/ru/all-tours/south-vietnam-motorbike-tour-7-days,audit_workbook_url_sheet|local_inventory
/ru/all-tours/three-day-tour-dalat-muine,.shipstudio/source/pages/ru__all-tours__three-day-tour-dalat-muine.html,content/exported-pages/ru__all-tours__three-day-tour-dalat-muine.json,tour_detail,ru,Трехдневный эндуро-тур: Далат и Муйне,available,preserve,/ru/all-tours/three-day-tour-dalat-muine,audit_workbook_url_sheet|local_inventory
/ru/all-tours/three-day-tour-dalat-nhatrang,.shipstudio/source/pages/ru__all-tours__three-day-tour-dalat-nhatrang.html,content/exported-pages/ru__all-tours__three-day-tour-dalat-nhatrang.json,tour_detail,ru,Трехдневный эндуро-тур: Далат и Нячанг,available,preserve,/ru/all-tours/three-day-tour-dalat-nhatrang,audit_workbook_url_sheet|local_inventory
/ru/all-tours/tours,,,tour_detail,ru,,source_404,retain_404_pending_source,,local_inventory
/ru/all-tours/vietnam-motorcycle-tours-12-days,.shipstudio/source/pages/ru__all-tours__vietnam-motorcycle-tours-12-days.html,content/exported-pages/ru__all-tours__vietnam-motorcycle-tours-12-days.json,tour_detail,ru,Настоящий Вьетнам на мотоциклах — 12 дней,available,preserve,/ru/all-tours/vietnam-motorcycle-tours-12-days,audit_workbook_url_sheet|local_inventory
/ru/city,,,unknown,ru,,source_404,retain_404_pending_source,,local_inventory
/ru/dalat,.shipstudio/source/pages/ru__dalat.html,content/exported-pages/ru__dalat.json,destination,ru,Мототуры эндуро в Далате: мотоциклы для внедорожных приключений | Enduro-Vietnam,available,preserve,/ru/dalat,audit_workbook_url_sheet|local_inventory
/ru/danang,.shipstudio/source/pages/ru__danang.html,content/exported-pages/ru__danang.json,destination,ru,Мототуры в Дананге: Эндуро-путешествие через облачные леса и горные перевалы | Enduro-Vietnam,available,preserve,/ru/danang,audit_workbook_url_sheet|local_inventory
/ru/muine,.shipstudio/source/pages/ru__muine.html,content/exported-pages/ru__muine.json,destination,ru,Mui Ne Motorcycle Tours: Enduro trip through red dunes and desert canyons | Enduro-Vietnam,available,preserve,/ru/muine,audit_workbook_url_sheet|local_inventory
/ru/nhatrang,.shipstudio/source/pages/ru__nhatrang.html,content/exported-pages/ru__nhatrang.json,destination,ru,Мототуры в Нячанге: Эндуро-трип через джунгли и скалы | Enduro-Vietnam,available,preserve,/ru/nhatrang,audit_workbook_url_sheet|local_inventory
/ru/rent,,,unknown,ru,,source_404,retain_404_pending_source,,local_inventory
/ru/rent-motorbike-dalat,.shipstudio/source/pages/ru__rent-motorbike-dalat.html,content/exported-pages/ru__rent-motorbike-dalat.json,rental,ru,Аренда скутеров и мотоциклов в Далате от 150 тыс. VND | Доставка | Электровелосипеды,available,preserve,/ru/rent-motorbike-dalat,audit_workbook_url_sheet|local_inventory
/ru/rent-scooter-nhatrang,.shipstudio/source/pages/ru__rent-scooter-nhatrang.html,content/exported-pages/ru__rent-scooter-nhatrang.json,rental,ru,Аренда скутеров и мотоциклов в Нья Чанге | Лучшие цены и доставка в отель,available,preserve,/ru/rent-scooter-nhatrang,audit_workbook_url_sheet|local_inventory
/ru/ru/rent-scooter-nhatrang,,,rental,ru,,source_404,exact_redirect,/ru/rent-scooter-nhatrang,local_inventory
/ru/tours/dalat-easy-rider-enduro-beginners,,,unknown,ru,,source_404,exact_redirect,/ru/all-tours/dalat-easy-rider-enduro-beginners,local_inventory
/ru/tours/dalat-enduro-tour-advanced,,,tour_detail,ru,,source_404,exact_redirect,/ru/all-tours/dalat-enduro-tour-advanced,local_inventory
/ru/tours/dalat-enduro-tour-one-day,,,tour_detail,ru,,source_404,exact_redirect,/ru/all-tours/dalat-enduro-tour-one-day,local_inventory
/ru/tours/dalat-enduro-tour-two-day,,,tour_detail,ru,,source_404,exact_redirect,/ru/all-tours/dalat-enduro-tour-two-day,local_inventory
/ru/tours/three-day-tour-dalat-muine,,,tour_detail,ru,,source_404,exact_redirect,/ru/all-tours/three-day-tour-dalat-muine,local_inventory
/ru/tours/three-day-tour-dalat-nhatrang,,,tour_detail,ru,,source_404,exact_redirect,/ru/all-tours/three-day-tour-dalat-nhatrang,local_inventory
/three-day-tour-dalat-nhatrang,.shipstudio/source/pages/three-day-tour-dalat-nhatrang.html,content/exported-pages/three-day-tour-dalat-nhatrang.json,tour_detail,en,Three-Day Enduro Tour of Dalat and Nha Trang,available,preserve,/three-day-tour-dalat-nhatrang,local_inventory
